{
    "nes": {
        "version":"16",
        "netplay": 1,
        "state": 1,
        "asmjs": 1,
        "wasm": 1
    },
    "snes": {
        "version":"13",
        "netplay": 1,
        "state": 1,
        "asmjs": 1,
        "wasm": 1
    },
    "snes2010": {
        "version":"1",
        "netplay": 1,
        "state": 1,
        "asmjs": 1,
        "wasm": 1
    },
    "snes2005": {
        "version":"1",
        "netplay": 1,
        "state": 1,
        "asmjs": 1,
        "wasm": 1
    },
    "snes2002": {
        "version":"1",
        "netplay": 1,
        "state": 1,
        "asmjs": 1,
        "wasm": 1
    },
    "arcade": {
        "version":"14",
        "netplay": 1,
        "state": 1,
        "asmjs": 1,
        "wasm": 1
    },
    "fba0.2.97.29": {
        "version":"1",
        "netplay": 1,
        "state": 1,
        "asmjs": 1,
        "wasm": 1
    },
    "pce": {
        "version":"1",
        "netplay": 1,
        "state": 1,
        "asmjs": 1,
        "wasm": 1
    },
    "pceCD": {
        "version":"1",
        "netplay": 1,
        "state": 1,
        "asmjs": 1,
        "wasm": 1
    },
    "ngp": {
        "version":"2",
        "netplay": 0,
        "state": 1,
        "asmjs": 1,
        "wasm": 1
    },
    "ws": {
        "version":"1",
        "netplay": 0,
        "state": 1,
        "asmjs": 1,
        "wasm": 1
    },
    "msx": {
        "version":"1",
        "netplay": 0,
        "state": 0,
        "asmjs": 1,
        "wasm": 1
    },
    "bluemsx": {
        "version":"1",
        "netplay": 0,
        "state": 0,
        "asmjs": 1,
        "wasm": 1
    },
    "vb": {
        "version":"1",
        "netplay": 0,
        "state": 1,
        "asmjs": 1,
        "wasm": 1
    },
    
    "atari2600": {
        "version":"1",
        "netplay": 1,
        "state": 1,
        "asmjs": 1,
        "wasm": 1
    },
    "a7800": {
        "version":"4",
        "netplay": 0,
        "state": 0,
        "asmjs": 1,
        "wasm": 0
    },
    "atari7800": {
        "version":"4",
        "netplay": 0,
        "state": 1,
        "asmjs": 1,
        "wasm": 0
    },
    "lynx": {
        "version":"1",
        "netplay": 0,
        "state": 1,
        "asmjs": 1,
        "wasm": 1
    },
    "jaguar": {
        "version":"1",
        "netplay": 0,
        "state": 0,
        "asmjs": 1,
        "wasm": 1
    },
    "gb": {
        "version":"4",
        "netplay": 0,
        "state": 1,
        "asmjs": 1,
        "wasm": 0
    },
    "gbc": {
        "version":"4",
        "netplay": 0,
        "state": 1,
        "asmjs": 1,
        "wasm": 0
    },
    "gba": {
        "version":"4",
        "netplay": 0,
        "state": 1,
        "asmjs": 1,
        "wasm": 0
    },
    "segaGG": {
        "version":"9",
        "netplay": 0,
        "state": 1,
        "asmjs": 1,
        "wasm": 1
    },
    "segaMD": {
        "version":"9",
        "netplay": 1,
        "state": 1,
        "asmjs": 1,
        "wasm": 1
    },
    "segaMS": {
        "version":"9",
        "netplay": 1,
        "state": 1,
        "asmjs": 1,
        "wasm": 1
    },
    "segaCD": {
        "version":"9",
        "netplay": 1,
        "state": 1,
        "asmjs": 1,
        "wasm": 0
    },
    "segaSaturn": {
        "version":"3",
        "netplay": 0,
        "state": 1,
        "asmjs": 1,
        "wasm": 0
    },
    "psx": {
        "version":"10",
        "netplay": 0,
        "state": 1,
        "asmjs": 0,
        "wasm": 1
    },
    "n64": {
        "version":"6",
        "netplay": 1,
        "state": 1,
        "asmjs": 1,
        "wasm": 0
    },
    "nds": {
        "version":"9",
        "netplay": 0,
        "state": 1,
        "asmjs": 1,
        "wasm": 1
    },
    "3do": {
        "version":"1",
        "netplay": 1,
        "state": 1,
        "asmjs": 1,
        "wasm": 0
    },
    "sega32x": {
        "version":"2",
        "netplay": 1,
        "state": 1,
        "asmjs": 1,
        "wasm": 1
    },
    "mame2003": {
        "version":"1",
        "netplay": 1,
        "state": 1,
        "asmjs": 1,
        "wasm": 0
    },
    "mame": {
        "version":"4",
        "netplay": 0,
        "state": 0,
        "asmjs": 0,
        "wasm": 1
    },
    "vbanext": {
        "version":"1",
        "netplay": 0,
        "state": 1,
        "asmjs": 1,
        "wasm": 1
    }
}
